<assembly xmlns="http://maven.apache.org/ASSEMBLY/2.0.0"
          xmlns:xsi="http://www.w3.org/2001/XMLSchema-instance"
          xsi:schemaLocation="http://maven.apache.org/ASSEMBLY/2.0.0 http://maven.apache.org/xsd/assembly-2.0.0.xsd">
  <id>dictionary-${item}</id>
  <formats>
    <format>zip</format>
    <format>tar.bz2</format>
  </formats>
  <!--
    maven-dependency-plugin:unpack does not support flatten directory structure at extraction phase,
    so this is necessary to unpack single file without its parent directory.
  -->
  <includeBaseDirectory>false</includeBaseDirectory>
  <fileSets>
    <fileSet>
      <directory>target</directory>
      <outputDirectory>/</outputDirectory>
      <includes>
        <include>system_${item}.dic</include>
      </includes>
    </fileSet>
  </fileSets>
</assembly>
